-119.210208,40.78987
-119.210586,40.789786
-119.210959,40.78969
-119.211326,40.789581
-119.211686,40.789461
-119.21204,40.789328
-119.212385,40.789184
-119.212722,40.789029
-119.213049,40.788863
-119.213367,40.788686
-119.213674,40.788498
-119.21397,40.788301
-119.214255,40.788094
-119.214527,40.787878
-119.214787,40.787652
-119.215033,40.787419
-119.215266,40.787178
-119.215485,40.786929
-119.215689,40.786673
-119.215879,40.78641
-119.216053,40.786142
-119.216212,40.785868
-119.216354,40.785589
-119.216481,40.785305
-119.216591,40.785018
-119.216685,40.784727
-119.216761,40.784433
-119.216821,40.784137
-119.216864,40.78384
-119.21689,40.783541
-119.216898,40.783242
-119.21689,40.782942
-119.216864,40.782644
-119.216821,40.782346
-119.216761,40.78205
-119.216684,40.781756
-119.216591,40.781466
-119.21648,40.781178
-119.216354,40.780895
-119.216211,40.780616
-119.216052,40.780342
-119.215878,40.780073
-119.215689,40.779811
-119.215484,40.779555
-119.215484,40.779555
-119.215284,40.779543
-119.215041,40.779519
-119.214803,40.779478
-119.21457,40.779422
-119.214344,40.779351
-119.214127,40.779266
-119.213921,40.779166
-119.213727,40.779053
-119.213547,40.778927
-119.213382,40.77879
-119.213233,40.778643
-119.213101,40.778486
-119.212989,40.778321
-119.212895,40.778149
-119.212822,40.777972
-119.212769,40.777791
-119.212737,40.777607
-119.212721,40.777455
-119.212721,40.777455
-119.212384,40.777299
-119.212039,40.777155
-119.211686,40.777023
-119.211325,40.776902
-119.210958,40.776794
-119.210585,40.776698
-119.210207,40.776614
-119.209825,40.776543
-119.209438,40.776484
-119.209049,40.776439
-119.208658,40.776406
-119.208265,40.776387
-119.207871,40.77638
-119.207477,40.776387
-119.207084,40.776406
-119.206693,40.776439
-119.206304,40.776484
-119.205917,40.776543
-119.205535,40.776614
-119.205157,40.776698
-119.204784,40.776794
-119.204417,40.776902
-119.204056,40.777023
-119.203703,40.777155
-119.203358,40.777299
-119.203021,40.777455
-119.202694,40.777621
-119.202376,40.777798
-119.202069,40.777985
-119.201773,40.778183
-119.201488,40.77839
-119.201216,40.778606
-119.200956,40.778831
-119.20071,40.779065
-119.200477,40.779306
-119.200258,40.779555
-119.200053,40.779811
-119.199864,40.780073
-119.19969,40.780342
-119.199531,40.780616
-119.199388,40.780895
-119.199262,40.781178
-119.199151,40.781466
