-119.209265,40.775449
-119.209651,40.77474
-119.210037,40.774031
-119.210424,40.773322
-119.210672,40.772866
-119.210934,40.772385

-119.211702,40.788731
-119.213217,40.78904
-119.214193,40.789238
-119.215168,40.789437
-119.216143,40.789635
-119.217136,40.789837
-119.218826,40.790181
-119.219801,40.79038
-119.220776,40.790578
-119.221752,40.790776
-119.222379,40.790904
-119.223041,40.791039

-119.212009,40.786958
-119.213578,40.786958
-119.214587,40.786957
-119.215597,40.786957
-119.216607,40.786957
-119.217634,40.786957
-119.219383,40.786957
-119.220393,40.786957
-119.221403,40.786957
-119.222412,40.786956
-119.223061,40.786956
-119.223747,40.786956

-119.215998,40.794541
-119.216799,40.795008
-119.2176,40.795475
-119.218402,40.795942
-119.218917,40.796242
-119.21946,40.796559

-119.210003,40.78163
-119.20995,40.781586
-119.209902,40.781539
-119.20986,40.781488
-119.209823,40.781435
-119.209793,40.78138
-119.20977,40.781323
-119.209753,40.781265
-119.209742,40.781205
-119.209739,40.781146
-119.209742,40.781086
-119.209753,40.781027
-119.20977,40.780968
-119.209793,40.780911
-119.209823,40.780856
-119.209841,40.780829
-119.20986,40.780803
-119.209902,40.780753
-119.20995,40.780705
-119.210003,40.780661
-119.210061,40.780621
-119.210123,40.780584
-119.21019,40.780552
-119.210259,40.780525
-119.210332,40.780502
-119.210407,40.780484
-119.210484,40.780471
-119.210562,40.780463
-119.21064,40.78046
-119.210719,40.780463
-119.210797,40.780471
-119.210835,40.780477
-119.210874,40.780484
-119.210949,40.780502
-119.211021,40.780525
-119.211091,40.780552
-119.211157,40.780584
-119.21122,40.780621
-119.211278,40.780661

-119.211278,40.780661
-119.211331,40.780705
-119.211379,40.780753
-119.211421,40.780803
-119.211457,40.780856
-119.211487,40.780911
-119.211511,40.780968
-119.21152,40.780997
-119.211528,40.781027
-119.211538,40.781086
-119.211542,40.781146
-119.211538,40.781205
-119.211528,40.781265
-119.211511,40.781323
-119.211487,40.78138
-119.211457,40.781435
-119.211421,40.781488
-119.211379,40.781539
-119.211331,40.781586
-119.211278,40.78163
-119.21122,40.78167
-119.211157,40.781707
-119.211091,40.781739
-119.211056,40.781753
-119.211021,40.781767
-119.210949,40.781789
-119.210874,40.781807
-119.210797,40.78182
-119.210719,40.781828
-119.21064,40.781831
-119.210562,40.781828
-119.210484,40.78182
-119.210407,40.781807
-119.210332,40.781789
-119.210259,40.781767
-119.21019,40.781739
-119.210123,40.781707
-119.210061,40.78167
-119.210003,40.78163

-119.198487,40.781024
-119.197703,40.779991
-119.197198,40.779327
-119.196693,40.778662
-119.196189,40.777997
-119.195675,40.777321
-119.194801,40.77617
-119.194296,40.775505
-119.193791,40.77484
-119.193287,40.774176
-119.192962,40.773748
-119.19262,40.773297

-119.200661,40.780339
-119.200255,40.779188
-119.199994,40.778446
-119.199733,40.777705
-119.199471,40.776964
-119.199205,40.776209
-119.198753,40.774925
-119.198492,40.774184
-119.19823,40.773443
-119.197969,40.772701
-119.197801,40.772225
-119.197624,40.771722

-119.205133,40.774607
-119.205265,40.773847
-119.205396,40.773086
-119.205528,40.772325
-119.205613,40.771836
-119.205702,40.771319

-119.212973,40.79684
-119.213587,40.797449
-119.214202,40.798058
-119.214817,40.798667
-119.215212,40.799058
-119.21563,40.799471

-119.207502,40.792892
-119.208286,40.793924
-119.208791,40.794589
-119.209296,40.795254
-119.209801,40.795918
-119.210315,40.796595
-119.21119,40.797746
-119.211695,40.79841
-119.2122,40.799075
-119.212705,40.79974
-119.21303,40.800167
-119.213372,40.800618
-119.215257,40.803098

-119.196723,40.775449
-119.196337,40.77474
-119.195951,40.774031
-119.195564,40.773322
-119.195316,40.772866
-119.195054,40.772385

-119.195187,40.783532
-119.193829,40.782935
-119.192955,40.782552
-119.19208,40.782168
-119.191206,40.781784
-119.190316,40.781393
-119.188802,40.780729
-119.187928,40.780345
-119.187053,40.779961
-119.186179,40.779577
-119.185617,40.77933
-119.185024,40.77907

-119.200855,40.774607
-119.200723,40.773847
-119.200592,40.773086
-119.20046,40.772325
-119.200375,40.771836
-119.200286,40.771319

-119.21159,40.782278
-119.211524,40.782309
-119.211387,40.782363
-119.211245,40.782408
-119.211098,40.782443
-119.210947,40.782468
-119.210794,40.782483
-119.21064,40.782489
-119.210486,40.782483
-119.210333,40.782468
-119.210183,40.782443
-119.210036,40.782408
-119.209894,40.782363
-119.209757,40.782309
-119.209627,40.782246
-119.209505,40.782174
-119.209391,40.782095

-119.209391,40.782095
-119.209287,40.782009
-119.209193,40.781916
-119.20911,40.781817
-119.209039,40.781713
-119.20898,40.781605
-119.208934,40.781493
-119.2089,40.781379
-119.20888,40.781263
-119.208873,40.781146
-119.20888,40.781028
-119.2089,40.780912
-119.208934,40.780798
-119.20898,40.780686
-119.209039,40.780578
-119.20911,40.780474
-119.20915,40.780424

-119.20915,40.780424
-119.209726,40.779784
-119.210312,40.779159

-119.21159,40.782278
-119.212432,40.781841
-119.213253,40.781395

-119.208364,40.771722
-119.207748,40.764137

-119.212144,40.782939
-119.213033,40.782552
-119.213908,40.782168
-119.214782,40.781784
-119.215672,40.781393
-119.217186,40.780729
-119.21806,40.780345
-119.218935,40.779961
-119.219809,40.779577
-119.220371,40.77933
-119.220964,40.77907
-119.221557,40.778809
-119.221745,40.778727
-119.223056,40.778151

-119.210597,40.783276
-119.21064,40.783272
-119.210884,40.783264
-119.211126,40.78324
-119.211364,40.7832
-119.211597,40.783144
-119.211823,40.783073
-119.212039,40.782987
-119.212144,40.782939

-119.211702,40.785184
-119.213217,40.784876
-119.214192,40.784677
-119.215167,40.784478
-119.216142,40.784279
-119.217135,40.784077
-119.218824,40.783733
-119.219799,40.783534
-119.220774,40.783335
-119.22175,40.783136
-119.222376,40.783009
-119.223038,40.782874

-119.201923,40.787772
-119.201834,40.787698
-119.201753,40.787618
-119.201682,40.787534
-119.201621,40.787444
-119.201571,40.787352
-119.201531,40.787256
-119.201502,40.787158
-119.201485,40.787058
-119.201479,40.786958
-119.201485,40.786858
-119.201502,40.786758
-119.201531,40.78666
-119.201571,40.786564
-119.201621,40.786471
-119.201682,40.786382
-119.201753,40.786298
-119.201834,40.786218
-119.201923,40.786144
-119.20202,40.786076
-119.202125,40.786015
-119.202237,40.785961
-119.202354,40.785915
-119.202476,40.785876
-119.202602,40.785846
-119.202731,40.785824
-119.202862,40.785811
-119.202994,40.785807
-119.203126,40.785811
-119.203257,40.785824
-119.203386,40.785846
-119.203512,40.785876
-119.203634,40.785915
-119.203751,40.785961
-119.203863,40.786015
-119.203968,40.786076
-119.204065,40.786144

-119.204065,40.786144
-119.204154,40.786218
-119.204235,40.786298
-119.204306,40.786382
-119.204367,40.786471
-119.204417,40.786564
-119.204457,40.78666
-119.204486,40.786758
-119.204503,40.786858
-119.204509,40.786958
-119.204503,40.787058
-119.204486,40.787158
-119.204457,40.787256
-119.204417,40.787352
-119.204367,40.787444
-119.204306,40.787534
-119.204235,40.787618
-119.204154,40.787698
-119.204065,40.787772
-119.203968,40.78784
-119.203863,40.787901
-119.203751,40.787955
-119.203634,40.788001
-119.203512,40.78804
-119.203386,40.78807
-119.203257,40.788092
-119.203126,40.788105
-119.202994,40.788109
-119.202862,40.788105
-119.202731,40.788092
-119.202602,40.78807
-119.202476,40.78804
-119.202354,40.788001
-119.202237,40.787955
-119.202125,40.787901
-119.20202,40.78784
-119.201923,40.787772

-119.218137,40.791724
-119.21907,40.792018
-119.220003,40.792311
-119.220936,40.792605
-119.221535,40.792793
-119.222169,40.792993

-119.219243,40.788583
-119.220245,40.788683
-119.221246,40.788783
-119.222247,40.788883
-119.22289,40.788947
-119.22357,40.789015

-119.19662,40.782113
-119.195511,40.78127
-119.194797,40.780727
-119.194083,40.780184
-119.193369,40.779641
-119.192643,40.779089
-119.191407,40.778149
-119.190693,40.777606
-119.189979,40.777063
-119.189265,40.776521
-119.188807,40.776172
-119.188322,40.775804

-119.192771,40.784876
-119.192901,40.784539
-119.193049,40.784206
-119.193216,40.783879
-119.193402,40.783558
-119.193607,40.783243
-119.193829,40.782935
-119.194068,40.782635
-119.194325,40.782344
-119.194598,40.782061
-119.194887,40.781787
-119.195192,40.781523
-119.195511,40.78127
-119.195844,40.781027
-119.196192,40.780795
-119.196552,40.780576
-119.196924,40.780368
-119.197308,40.780173
-119.197703,40.779991
-119.198108,40.779822
-119.198522,40.779667
-119.198944,40.779526
-119.199375,40.779399
-119.199812,40.779286
-119.200255,40.779188
-119.200704,40.779104
-119.201156,40.779036
-119.201613,40.778982
-119.202072,40.778944
-119.202532,40.778921
-119.202994,40.778914
-119.203456,40.778921
-119.203916,40.778944
-119.204375,40.778982
-119.204832,40.779036
-119.205284,40.779104
-119.205733,40.779188
-119.206176,40.779286
-119.206613,40.779399
-119.207044,40.779526
-119.207466,40.779667
-119.20788,40.779822
-119.20828,40.780003
-119.20868,40.780173
-119.209064,40.780368
-119.20915,40.780424
-119.209436,40.780576
-119.209796,40.780795
-119.209841,40.780829

-119.211056,40.781753
-119.211101,40.781787
-119.21139,40.782061
-119.21159,40.782278
-119.211663,40.782344
-119.21192,40.782635
-119.212144,40.782939
-119.212381,40.783243
-119.212586,40.783558
-119.212772,40.783879
-119.212939,40.784206
-119.213087,40.784539
-119.213217,40.784876
-119.213326,40.785216
-119.213417,40.785561
-119.213487,40.785908
-119.213537,40.786256
-119.213567,40.786607
-119.213578,40.786958
-119.213568,40.787308
-119.213537,40.787659
-119.213487,40.788008
-119.213417,40.788354
-119.213327,40.788699
-119.213217,40.78904
-119.213088,40.789377
-119.21294,40.789709
-119.212772,40.790036
-119.212586,40.790357
-119.212382,40.790672
-119.21216,40.79098
-119.211921,40.79128
-119.211664,40.791572
-119.211391,40.791855
-119.211102,40.792128
-119.210798,40.792392
-119.210478,40.792646
-119.210145,40.792889
-119.209798,40.79312
-119.209438,40.79334
-119.209065,40.793547
-119.208681,40.793742
-119.208286,40.793924
-119.207881,40.794093
-119.207467,40.794249
-119.207045,40.79439
-119.206614,40.794517
-119.206177,40.79463
-119.205734,40.794728

-119.191796,40.784677
-119.191938,40.784308
-119.1921,40.783944
-119.192284,40.783585
-119.192488,40.783234
-119.192711,40.782889
-119.192955,40.782552
-119.193217,40.782223
-119.193498,40.781903
-119.193797,40.781593
-119.194114,40.781294
-119.194447,40.781005
-119.194797,40.780727
-119.195162,40.780461
-119.195543,40.780208
-119.195937,40.779967
-119.196345,40.77974
-119.196766,40.779526
-119.197198,40.779327
-119.197641,40.779142
-119.198095,40.778972
-119.198558,40.778817
-119.199029,40.778678
-119.199508,40.778554
-119.199994,40.778446
-119.200485,40.778355
-119.200981,40.77828
-119.201481,40.778222
-119.201984,40.77818
-119.202488,40.778155
-119.202994,40.778146
-119.2035,40.778155
-119.204004,40.77818
-119.204507,40.778222
-119.205007,40.77828
-119.205503,40.778355
-119.205994,40.778446
-119.20648,40.778554
-119.206959,40.778678
-119.20743,40.778817
-119.207893,40.778972
-119.208347,40.779142
-119.20879,40.779327
-119.209222,40.779526
-119.209643,40.77974
-119.209726,40.779784
-119.210051,40.779967
-119.210445,40.780208
-119.210835,40.780477

-119.21152,40.780997
-119.21152,40.780997
-119.211874,40.781294
-119.212191,40.781593
-119.212432,40.781841
-119.21249,40.781903
-119.212771,40.782223
-119.213033,40.782552
-119.213277,40.782889
-119.2135,40.783234
-119.213704,40.783585
-119.213888,40.783944
-119.21405,40.784308
-119.214192,40.784677
-119.214312,40.78505
-119.214411,40.785427
-119.214488,40.785807
-119.214543,40.786189
-119.214576,40.786573
-119.214587,40.786957
-119.214576,40.787342
-119.214543,40.787725
-119.214488,40.788108
-119.214411,40.788488
-119.214313,40.788865
-119.214193,40.789238
-119.214051,40.789607
-119.213889,40.789971
-119.213705,40.79033
-119.213502,40.790682
-119.213278,40.791026
-119.213035,40.791363
-119.212772,40.791692
-119.212491,40.792012
-119.212192,40.792322
-119.211876,40.792622
-119.211542,40.792911
-119.211192,40.793189
-119.210827,40.793454
-119.210447,40.793708
-119.210052,40.793949
-119.209644,40.794176
-119.209224,40.79439
-119.208791,40.794589
-119.208348,40.794774
-119.207894,40.794944
-119.207431,40.795099
-119.20696,40.795238
-119.206481,40.795362
-119.205995,40.795469

-119.190821,40.784478
-119.190975,40.784077
-119.191152,40.783681
-119.191351,40.783292
-119.191573,40.782909
-119.191816,40.782534
-119.19208,40.782168
-119.192366,40.781811
-119.192671,40.781463
-119.192996,40.781126
-119.19334,40.7808
-119.193703,40.780486
-119.194083,40.780184
-119.19448,40.779895
-119.194894,40.77962
-119.195323,40.779358
-119.195766,40.779111
-119.196223,40.778879
-119.196693,40.778662
-119.197175,40.778461
-119.197668,40.778276
-119.198172,40.778108
-119.198684,40.777956
-119.199205,40.777822
-119.199733,40.777705
-119.200267,40.777606
-119.200806,40.777524
-119.201349,40.777461
-119.201896,40.777415
-119.202444,40.777388
-119.202994,40.777379
-119.203544,40.777388
-119.204092,40.777415
-119.204639,40.777461
-119.205182,40.777524
-119.205721,40.777606
-119.206255,40.777705
-119.206783,40.777822
-119.207304,40.777956
-119.207816,40.778108
-119.20832,40.778276
-119.208813,40.778461
-119.209295,40.778662
-119.209765,40.778879
-119.210222,40.779111
-119.210312,40.779159
-119.210665,40.779358
-119.211094,40.77962
-119.211508,40.779895
-119.21189,40.780196

-119.21189,40.780196
-119.212285,40.780486
-119.212648,40.7808
-119.212992,40.781126
-119.213253,40.781395
-119.213317,40.781463
-119.213622,40.781811
-119.213908,40.782168
-119.214172,40.782534
-119.214415,40.782909
-119.214637,40.783292
-119.214836,40.783681
-119.215013,40.784077
-119.215167,40.784478
-119.215298,40.784884
-119.215405,40.785294
-119.215489,40.785707
-119.215549,40.786122
-119.215585,40.786539
-119.215597,40.786957
-119.215585,40.787375
-119.215549,40.787792
-119.215489,40.788208
-119.215406,40.788621
-119.215299,40.789031
-119.215168,40.789437
-119.215014,40.789838
-119.214837,40.790234
-119.214638,40.790623
-119.214417,40.791006
-119.214174,40.791381
-119.213909,40.791747
-119.213624,40.792104
-119.213319,40.792452
-119.212993,40.792789
-119.212649,40.793115
-119.212287,40.793429
-119.211907,40.793731
-119.211509,40.79402
-119.211096,40.794296
-119.210667,40.794557
-119.210224,40.794805
-119.209766,40.795037
-119.209296,40.795254
-119.208814,40.795455
-119.208321,40.79564
-119.207818,40.795808
-119.207305,40.795959
-119.206784,40.796094
-119.206256,40.796211

-119.189846,40.784279
-119.190012,40.783846
-119.190203,40.783419
-119.190418,40.782998
-119.190658,40.782585
-119.19092,40.78218
-119.191206,40.781784
-119.191514,40.781398
-119.191844,40.781023
-119.192195,40.780659
-119.192567,40.780307
-119.192959,40.779967
-119.193369,40.779641
-119.193798,40.779329
-119.194245,40.779032
-119.194708,40.778749
-119.195187,40.778482
-119.195681,40.778232
-119.196189,40.777997
-119.196709,40.77778
-119.197242,40.777581
-119.197785,40.777399
-119.198339,40.777235
-119.198901,40.77709
-119.199471,40.776964
-119.200048,40.776857
-119.200631,40.776769
-119.201217,40.7767
-119.201808,40.776651
-119.2024,40.776621
-119.202994,40.776611
-119.203588,40.776621
-119.20418,40.776651
-119.204771,40.7767
-119.205357,40.776769
-119.20594,40.776857
-119.206517,40.776964
-119.207087,40.77709
-119.207649,40.777235
-119.208203,40.777399
-119.208746,40.777581
-119.209279,40.77778
-119.209799,40.777997
-119.210307,40.778232
-119.210801,40.778482
-119.21128,40.778749
-119.211743,40.779032
-119.21219,40.779329
-119.212619,40.779642

-119.212619,40.779642
-119.213029,40.779967
-119.213421,40.780307
-119.213793,40.780659
-119.214144,40.781023
-119.214474,40.781398
-119.214782,40.781784
-119.215068,40.78218
-119.21533,40.782585
-119.21557,40.782998
-119.215785,40.783419
-119.215976,40.783846
-119.216142,40.784279
-119.216284,40.784718
-119.216399,40.785161
-119.21649,40.785607
-119.216555,40.786055
-119.216594,40.786506
-119.216607,40.786957
-119.216594,40.787409
-119.216555,40.787859
-119.21649,40.788308
-119.2164,40.788754
-119.216284,40.789197
-119.216143,40.789635
-119.215977,40.790069
-119.215786,40.790496
-119.215571,40.790917
-119.215332,40.79133
-119.215069,40.791735
-119.214784,40.792131
-119.214476,40.792517
-119.214146,40.792892
-119.213795,40.793256
-119.213423,40.793608
-119.213031,40.793948
-119.212621,40.794274
-119.212192,40.794586
-119.211745,40.794884
-119.211282,40.795166
-119.210803,40.795433
-119.210309,40.795684
-119.209801,40.795918
-119.20928,40.796135
-119.208748,40.796335
-119.208204,40.796517
-119.20765,40.796681
-119.207088,40.796826
-119.206518,40.796952

-119.188853,40.784077
-119.189032,40.783611
-119.189237,40.783151
-119.189469,40.782699
-119.189726,40.782254
-119.190009,40.781819
-119.190316,40.781393
-119.190648,40.780978
-119.191002,40.780575
-119.19138,40.780183
-119.19178,40.779805
-119.192201,40.77944
-119.192643,40.779089
-119.193104,40.778753
-119.193585,40.778433
-119.194083,40.778129
-119.194598,40.777842
-119.195129,40.777573
-119.195675,40.777321
-119.196235,40.777087
-119.196808,40.776873
-119.197392,40.776677
-119.197987,40.776501
-119.198592,40.776345
-119.199205,40.776209
-119.199826,40.776094
-119.200452,40.775999
-119.201083,40.775925
-119.201718,40.775873
-119.202356,40.775841
-119.202994,40.77583
-119.203632,40.775841
-119.20427,40.775873
-119.204905,40.775925
-119.205536,40.775999
-119.206162,40.776094
-119.206783,40.776209
-119.207396,40.776345
-119.208001,40.776501
-119.208596,40.776677
-119.20918,40.776873
-119.209753,40.777087
-119.210313,40.777321
-119.210859,40.777573
-119.21139,40.777842
-119.211905,40.778129
-119.212403,40.778433
-119.212884,40.778753
-119.213345,40.779089

-119.213345,40.779089
-119.213787,40.77944
-119.214208,40.779805
-119.214608,40.780183
-119.214986,40.780575
-119.21534,40.780978
-119.215672,40.781393
-119.215979,40.781819
-119.216262,40.782254
-119.216519,40.782699
-119.216751,40.783151
-119.216956,40.783611
-119.217135,40.784077
-119.217287,40.784549
-119.217412,40.785025
-119.217509,40.785505
-119.217578,40.785987
-119.21762,40.786472
-119.217634,40.786957
-119.217621,40.787442
-119.217579,40.787927
-119.217509,40.78841
-119.217412,40.788889
-119.217288,40.789366
-119.217136,40.789837
-119.216957,40.790303
-119.216752,40.790763
-119.216521,40.791216
-119.216264,40.79166
-119.215981,40.792095
-119.215674,40.792521
-119.215343,40.792936
-119.214988,40.79334
-119.21461,40.793732
-119.21421,40.79411
-119.213789,40.794475
-119.213348,40.794826
-119.212886,40.795162
-119.212406,40.795482
-119.211908,40.795786
-119.211393,40.796073
-119.210861,40.796343
-119.210315,40.796595
-119.209755,40.796828
-119.209182,40.797043
-119.208597,40.797239
-119.208002,40.797415
-119.207397,40.797571
-119.206784,40.797706

-119.210802,40.790384
-119.21216,40.79098
-119.213035,40.791363
-119.213909,40.791747
-119.214784,40.792131
-119.215674,40.792521
-119.217189,40.793186
-119.218063,40.793569
-119.218938,40.793953
-119.219813,40.794336
-119.220375,40.794583
-119.220968,40.794843

-119.187164,40.783733
-119.187364,40.783211
-119.187594,40.782696
-119.187853,40.78219
-119.188141,40.781692
-119.188458,40.781205
-119.188802,40.780729
-119.189173,40.780264
-119.18957,40.779812
-119.189993,40.779374
-119.190441,40.77895
-119.190912,40.778542
-119.191407,40.778149
-119.191923,40.777773
-119.192461,40.777415
-119.193018,40.777075
-119.193595,40.776753
-119.194189,40.776451
-119.194801,40.77617
-119.195428,40.775908
-119.196069,40.775668
-119.196723,40.775449
-119.19739,40.775252
-119.198067,40.775077
-119.198753,40.774925
-119.199447,40.774796
-119.200149,40.77469
-119.200855,40.774607
-119.201566,40.774548
-119.202279,40.774513
-119.202994,40.774501
-119.203709,40.774513
-119.204422,40.774548
-119.205133,40.774607
-119.205839,40.77469
-119.206541,40.774796
-119.207235,40.774925
-119.207921,40.775077
-119.208598,40.775252
-119.209265,40.775449
-119.209919,40.775668
-119.21056,40.775908
-119.211187,40.77617
-119.211799,40.776451
-119.212393,40.776753
-119.21297,40.777075
-119.213527,40.777415
-119.214065,40.777773
-119.214581,40.778149

-119.214581,40.778149
-119.215076,40.778542
-119.215547,40.77895
-119.215995,40.779374
-119.216418,40.779812
-119.216815,40.780264
-119.217186,40.780729
-119.21753,40.781205
-119.217847,40.781692
-119.218135,40.78219
-119.218394,40.782696
-119.218624,40.783211
-119.218824,40.783733
-119.218994,40.784261
-119.219134,40.784794
-119.219243,40.785331
-119.219321,40.785871
-119.219368,40.786413
-119.219383,40.786957
-119.219368,40.7875
-119.219321,40.788043
-119.219243,40.788583
-119.219135,40.78912
-119.218995,40.789653
-119.218826,40.790181
-119.218626,40.790703
-119.218396,40.791218
-119.218137,40.791724
-119.217849,40.792222
-119.217533,40.792709
-119.217189,40.793186
-119.216818,40.79365
-119.216421,40.794102
-119.215998,40.794541
-119.21555,40.794965
-119.215079,40.795373
-119.214584,40.795766
-119.214068,40.796142
-119.21353,40.7965
-119.212973,40.79684
-119.212396,40.797162
-119.211801,40.797464
-119.21119,40.797746
-119.210563,40.798007
-119.209922,40.798248
-119.209267,40.798467
-119.2086,40.798664
-119.207923,40.798838
-119.207237,40.79899

-119.186189,40.783534
-119.186401,40.78298
-119.186645,40.782434
-119.186921,40.781896
-119.187227,40.781368
-119.187562,40.780851
-119.187928,40.780345
-119.188321,40.779852
-119.188743,40.779372
-119.189192,40.778907
-119.189667,40.778457
-119.190168,40.778023
-119.190693,40.777606
-119.191241,40.777207
-119.191812,40.776827
-119.192404,40.776466
-119.193016,40.776125
-119.193647,40.775804
-119.194296,40.775505
-119.194961,40.775227
-119.195642,40.774972
-119.196337,40.77474
-119.197044,40.774531
-119.197763,40.774345
-119.198492,40.774184
-119.199229,40.774047
-119.199973,40.773934
-119.200723,40.773847
-119.201478,40.773784
-119.202235,40.773746
-119.202994,40.773734
-119.203753,40.773746
-119.20451,40.773784
-119.205265,40.773847
-119.206015,40.773934
-119.206759,40.774047
-119.207496,40.774184
-119.208225,40.774345
-119.208944,40.774531
-119.209651,40.77474
-119.210346,40.774972
-119.211027,40.775227
-119.211692,40.775505
-119.212341,40.775804
-119.212972,40.776125
-119.213584,40.776466
-119.214176,40.776827
-119.214747,40.777207
-119.215295,40.777606

-119.215295,40.777606
-119.21582,40.778023
-119.216321,40.778457
-119.216796,40.778907
-119.217245,40.779372
-119.217667,40.779852
-119.21806,40.780345
-119.218426,40.780851
-119.218761,40.781368
-119.219067,40.781896
-119.219343,40.782434
-119.219587,40.78298
-119.219799,40.783534
-119.21998,40.784094
-119.220128,40.78466
-119.220244,40.785231
-119.220326,40.785804
-119.220376,40.78638
-119.220393,40.786957
-119.220377,40.787534
-119.220327,40.788109
-119.220245,40.788683
-119.220129,40.789253
-119.219981,40.789819
-119.219801,40.79038
-119.219589,40.790933
-119.219345,40.79148
-119.21907,40.792018
-119.218764,40.792546
-119.218428,40.793063
-119.218063,40.793569
-119.21767,40.794063
-119.217248,40.794542
-119.216799,40.795008
-119.216324,40.795458
-119.215824,40.795892
-119.215299,40.796308
-119.21475,40.796707
-119.21418,40.797088
-119.213587,40.797449
-119.212975,40.79779
-119.212344,40.798111
-119.211695,40.79841
-119.211029,40.798688
-119.210348,40.798943
-119.209654,40.799176
-119.208946,40.799385
-119.208227,40.79957
-119.207498,40.799732

-119.185214,40.783335
-119.185438,40.782749
-119.185697,40.782171
-119.185988,40.781602
-119.186312,40.781044
-119.186667,40.780496
-119.187053,40.779961
-119.18747,40.779439
-119.187916,40.778932
-119.188391,40.778439
-119.188894,40.777963
-119.189424,40.777504
-119.189979,40.777063
-119.190559,40.776641
-119.191163,40.776239
-119.191789,40.775857
-119.192437,40.775496
-119.193105,40.775157
-119.193791,40.77484
-119.194495,40.774547
-119.195216,40.774277
-119.195951,40.774031
-119.196699,40.77381
-119.19746,40.773614
-119.19823,40.773443
-119.19901,40.773298
-119.199798,40.773179
-119.200592,40.773086
-119.20139,40.773019
-119.202191,40.772979
-119.202994,40.772966
-119.203797,40.772979
-119.204598,40.773019
-119.205396,40.773086
-119.20619,40.773179
-119.206978,40.773298
-119.207758,40.773443
-119.208528,40.773614
-119.209289,40.77381
-119.210037,40.774031
-119.210772,40.774277
-119.211493,40.774547
-119.212197,40.77484
-119.212883,40.775157
-119.213551,40.775496
-119.214199,40.775857
-119.214825,40.776239
-119.215429,40.776641
-119.216009,40.777063

-119.216009,40.777063
-119.216564,40.777504
-119.217094,40.777963
-119.217597,40.778439
-119.218072,40.778932
-119.218518,40.779439
-119.218935,40.779961
-119.219321,40.780496
-119.219676,40.781044
-119.22,40.781602
-119.220291,40.782171
-119.22055,40.782749
-119.220774,40.783335
-119.220965,40.783928
-119.221122,40.784527
-119.221245,40.78513
-119.221332,40.785737
-119.221385,40.786346
-119.221403,40.786957
-119.221385,40.787567
-119.221333,40.788176
-119.221246,40.788783
-119.221124,40.789386
-119.220967,40.789985
-119.220776,40.790578
-119.220552,40.791164
-119.220294,40.791742
-119.220003,40.792311
-119.219679,40.79287
-119.219324,40.793418
-119.218938,40.793953
-119.218521,40.794475
-119.218075,40.794982
-119.2176,40.795475
-119.217098,40.795951
-119.216568,40.79641
-119.216013,40.796851
-119.215433,40.797273
-119.214829,40.797676
-119.214202,40.798058
-119.213555,40.798419
-119.212887,40.798758
-119.2122,40.799075
-119.211496,40.799369
-119.210775,40.799639
-119.21004,40.799885
-119.209291,40.800106
-119.208531,40.800302
-119.207759,40.800473

-119.184238,40.783136
-119.184476,40.782518
-119.184748,40.781909
-119.185055,40.781308
-119.185397,40.780719
-119.185772,40.780142
-119.186179,40.779577
-119.186619,40.779027
-119.187089,40.778491
-119.18759,40.777972
-119.188121,40.77747
-119.188679,40.776986
-119.189265,40.776521
-119.189877,40.776076
-119.190514,40.775651
-119.191175,40.775248
-119.191858,40.774867
-119.192562,40.77451
-119.193287,40.774176
-119.194029,40.773866
-119.194789,40.773581
-119.195564,40.773322
-119.196354,40.773089
-119.197156,40.772882
-119.197969,40.772701
-119.198792,40.772548
-119.199623,40.772423
-119.20046,40.772325
-119.201302,40.772255
-119.202147,40.772213
-119.202994,40.772199
-119.203841,40.772213
-119.204686,40.772255
-119.205528,40.772325
-119.206365,40.772423
-119.207196,40.772548
-119.208019,40.772701
-119.208832,40.772882
-119.209634,40.773089
-119.210424,40.773322
-119.211199,40.773581
-119.211959,40.773866
-119.212701,40.774176
-119.213426,40.77451
-119.21413,40.774867
-119.214813,40.775248
-119.215474,40.775651
-119.216111,40.776076
-119.216723,40.776521

-119.216723,40.776521
-119.217309,40.776986
-119.217867,40.77747
-119.218398,40.777972
-119.218899,40.778491
-119.219369,40.779027
-119.219809,40.779577
-119.220216,40.780142
-119.220591,40.780719
-119.220933,40.781308
-119.22124,40.781909
-119.221512,40.782518
-119.22175,40.783136
-119.221951,40.783762
-119.222117,40.784393
-119.222246,40.78503
-119.222338,40.78567
-119.222394,40.786313
-119.222412,40.786956
-119.222394,40.7876
-119.222339,40.788243
-119.222247,40.788883
-119.222118,40.789519
-119.221953,40.790151
-119.221752,40.790776
-119.221515,40.791395
-119.221243,40.792005
-119.220936,40.792605
-119.220595,40.793194
-119.22022,40.793772
-119.219813,40.794336
-119.219373,40.794887
-119.218903,40.795423
-119.218402,40.795942
-119.217871,40.796444
-119.217313,40.796928
-119.216727,40.797394
-119.216115,40.797839
-119.215478,40.798264
-119.214817,40.798667
-119.214134,40.799048
-119.213429,40.799405
-119.212705,40.79974
-119.211962,40.800049
-119.211202,40.800334
-119.210427,40.800594
-119.209637,40.800827
-119.208834,40.801034
-119.208021,40.801214

-119.183612,40.783009
-119.183857,40.78237
-119.184138,40.78174
-119.184456,40.78112
-119.184809,40.780511
-119.185196,40.779914
-119.185617,40.77933
-119.186071,40.778762
-119.186558,40.778208
-119.187076,40.777672
-119.187624,40.777153
-119.188201,40.776652
-119.188807,40.776172
-119.189439,40.775712
-119.190097,40.775273
-119.19078,40.774857
-119.191486,40.774463
-119.192214,40.774094
-119.192962,40.773748
-119.19373,40.773428
-119.194515,40.773134
-119.195316,40.772866
-119.196132,40.772625
-119.196961,40.772411
-119.197801,40.772225
-119.198652,40.772067
-119.19951,40.771937
-119.200375,40.771836
-119.201245,40.771763
-119.202119,40.77172
-119.202994,40.771705
-119.203869,40.77172
-119.204743,40.771763
-119.205613,40.771836
-119.206478,40.771937
-119.207336,40.772067
-119.208187,40.772225
-119.209027,40.772411
-119.209856,40.772625
-119.210672,40.772866
-119.211473,40.773134
-119.212258,40.773428
-119.213026,40.773748
-119.213774,40.774094
-119.214502,40.774463
-119.215208,40.774857
-119.215891,40.775273
-119.216549,40.775712
-119.217181,40.776172

-119.217181,40.776172
-119.217787,40.776652
-119.218364,40.777153
-119.218912,40.777672
-119.21943,40.778208
-119.219917,40.778762
-119.220371,40.77933
-119.220792,40.779914
-119.221179,40.780511
-119.221532,40.78112
-119.22185,40.78174
-119.222131,40.78237
-119.222376,40.783009
-119.222585,40.783655
-119.222756,40.784308
-119.222889,40.784965
-119.222985,40.785627
-119.223042,40.786291
-119.223061,40.786956
-119.223042,40.787622
-119.222985,40.788286
-119.22289,40.788947
-119.222757,40.789605
-119.222587,40.790258
-119.222379,40.790904
-119.222134,40.791543
-119.221853,40.792173
-119.221535,40.792793
-119.221183,40.793403
-119.220796,40.794
-119.220375,40.794583
-119.219921,40.795152
-119.219434,40.795705
-119.218917,40.796242
-119.218369,40.796761
-119.217791,40.797262
-119.217186,40.797742
-119.216554,40.798203
-119.215895,40.798641
-119.215212,40.799058
-119.214506,40.799452
-119.213778,40.799821
-119.21303,40.800167
-119.212262,40.800487
-119.211477,40.800781
-119.210675,40.801049
-119.209859,40.801291
-119.20903,40.801505
-119.208189,40.801691

-119.18295,40.782874
-119.183203,40.782213
-119.183495,40.781562
-119.183823,40.78092
-119.184188,40.78029
-119.184588,40.779673
-119.185024,40.77907
-119.185494,40.778482
-119.185997,40.777909
-119.186532,40.777355
-119.187099,40.776818
-119.187696,40.776301
-119.188322,40.775804
-119.188976,40.775328
-119.189657,40.774874
-119.190363,40.774443
-119.191093,40.774037
-119.191846,40.773654
-119.19262,40.773297
-119.193414,40.772966
-119.194225,40.772662
-119.195054,40.772385
-119.195898,40.772136
-119.196755,40.771914
-119.197624,40.771722
-119.198503,40.771558
-119.199391,40.771424
-119.200286,40.771319
-119.201186,40.771245
-119.202089,40.7712
-119.202994,40.771185
-119.203899,40.7712
-119.204802,40.771245
-119.205702,40.771319
-119.206597,40.771424
-119.207485,40.771558
-119.208364,40.771722
-119.209233,40.771914
-119.21009,40.772136
-119.210934,40.772385
-119.211763,40.772662
-119.212574,40.772966
-119.213368,40.773297
-119.214142,40.773654
-119.214895,40.774037
-119.215625,40.774443
-119.216331,40.774874
-119.217012,40.775328
-119.217666,40.775804

-119.217666,40.775804
-119.218292,40.776301
-119.218889,40.776818
-119.219456,40.777355
-119.219991,40.777909
-119.220494,40.778482
-119.220964,40.77907
-119.2214,40.779673
-119.2218,40.78029
-119.222165,40.78092
-119.222493,40.781562
-119.222785,40.782213
-119.223038,40.782874
-119.223254,40.783542
-119.22343,40.784217
-119.223568,40.784897
-119.223667,40.785581
-119.223727,40.786268
-119.223747,40.786956
-119.223727,40.787644
-119.223668,40.788331
-119.22357,40.789015
-119.223432,40.789695
-119.223256,40.79037
-119.223041,40.791039
-119.222787,40.791699
-119.222497,40.792351
-119.222169,40.792993
-119.221804,40.793623
-119.221404,40.79424
-119.220968,40.794843
-119.220499,40.795432
-119.219996,40.796004
-119.21946,40.796559
-119.218894,40.797096
-119.218297,40.797613
-119.217671,40.798111
-119.217017,40.798587
-119.216336,40.79904
-119.21563,40.799471
-119.214899,40.799878
-119.214147,40.800261
-119.213372,40.800618
-119.212578,40.800949
-119.211766,40.801253
-119.210937,40.80153
-119.210093,40.80178
-119.209236,40.802001
-119.208366,40.802194

-119.193018,40.777075
-119.192404,40.776466
-119.191789,40.775857
-119.191175,40.775248
-119.19078,40.774857
-119.190363,40.774443

-119.223949,40.771026

-119.223949,40.771026
-119.219742,40.774223
-119.219991,40.777909

-119.219742,40.774223
-119.214895,40.774037

-119.20828,40.780003
-119.20879,40.779327
-119.209295,40.778662
-119.209799,40.777997
-119.210313,40.777321
-119.211187,40.77617
-119.211692,40.775505
-119.212197,40.77484
-119.212701,40.774176
-119.213026,40.773748
-119.213368,40.773297
-119.213711,40.772846
-119.213819,40.772704
-119.214576,40.771707

-119.207837,40.781179
-119.207842,40.781145
-119.207853,40.78096
-119.207885,40.780776
-119.207938,40.780595
-119.208011,40.780418
-119.208104,40.780247
-119.208217,40.780082
-119.20828,40.780003

-119.218135,40.78219
-119.219067,40.781896
-119.22,40.781602
-119.220933,40.781308
-119.221532,40.78112
-119.222165,40.78092

-119.201923,40.786144
-119.19662,40.782113

-119.211278,40.780661
-119.21189,40.780196

-119.21189,40.780196
-119.212619,40.779642
-119.213345,40.779089
-119.214581,40.778149
-119.215295,40.777606
-119.216009,40.777063
-119.216723,40.776521
-119.217181,40.776172
-119.217666,40.775804

-119.189993,40.779374
-119.189192,40.778907
-119.188391,40.778439
-119.18759,40.777972
-119.187076,40.777672
-119.186532,40.777355

-119.219243,40.785331
-119.220244,40.785231
-119.221245,40.78513
-119.222246,40.78503
-119.222889,40.784965
-119.223568,40.784897

-119.223038,40.782874
-119.233017,40.78334

-119.194286,40.785184
-119.192771,40.784876
-119.191796,40.784677
-119.190821,40.784478
-119.189846,40.784279
-119.188853,40.784077
-119.187164,40.783733
-119.186189,40.783534
-119.185214,40.783335
-119.184238,40.783136
-119.183612,40.783009
-119.18295,40.782874

-119.194286,40.785184
-119.194397,40.784897
-119.194523,40.784614
-119.194666,40.784336
-119.194824,40.784062
-119.194998,40.783794
-119.195187,40.783532
-119.195391,40.783276
-119.19561,40.783028
-119.195842,40.782787
-119.196089,40.782553
-119.196348,40.782329
-119.19662,40.782113
-119.196904,40.781906
-119.1972,40.781709
-119.197506,40.781522
-119.197824,40.781345
-119.198151,40.781179
-119.198487,40.781024
-119.198832,40.78088
-119.199184,40.780748
-119.199544,40.780627
-119.199911,40.780519
-119.200283,40.780423
-119.200661,40.780339
-119.201043,40.780268
-119.201429,40.78021
-119.201817,40.780165
-119.202208,40.780132
-119.202601,40.780112
-119.202994,40.780106
-119.203387,40.780112
-119.20378,40.780132
-119.204171,40.780165
-119.204559,40.78021
-119.204945,40.780268
-119.205327,40.780339
-119.205705,40.780423
-119.206077,40.780519
-119.206444,40.780627
-119.206804,40.780748
-119.207156,40.78088
-119.207501,40.781024
-119.207837,40.781179

-119.207837,40.781179
-119.207853,40.781331
-119.207885,40.781515
-119.207938,40.781696
-119.208011,40.781873
-119.208104,40.782044
-119.208217,40.782209
-119.208348,40.782365
-119.208497,40.782513
-119.208662,40.782649
-119.208842,40.782775
-119.209035,40.782888
-119.209241,40.782987
-119.209458,40.783073
-119.209683,40.783144
-119.209916,40.7832
-119.210154,40.78324
-119.210396,40.783264
-119.210597,40.783276

-119.210597,40.783276
-119.210597,40.783276
-119.210801,40.783532
-119.21099,40.783794
-119.211164,40.784062
-119.211322,40.784336
-119.211465,40.784614
-119.211591,40.784897
-119.211702,40.785184
-119.211795,40.785475
-119.211872,40.785768
-119.211932,40.786063
-119.211975,40.78636
-119.212,40.786659
-119.212009,40.786958
-119.212,40.787257
-119.211975,40.787555
-119.211932,40.787852
-119.211872,40.788148
-119.211795,40.788441
-119.211702,40.788731
-119.211592,40.789018
-119.211466,40.789301
-119.211323,40.78958
-119.211165,40.789854
-119.210991,40.790122
-119.210802,40.790384
-119.210598,40.790639
-119.210379,40.790888
-119.210147,40.791129
-119.2099,40.791362
-119.209641,40.791587
-119.209369,40.791803
-119.209085,40.79201
-119.208789,40.792207
-119.208482,40.792394
-119.208165,40.792571
-119.207838,40.792737
-119.207502,40.792892
-119.207157,40.793036
-119.206804,40.793168
-119.206444,40.793288
-119.206078,40.793397
-119.205705,40.793493
-119.205327,40.793577

-119.204065,40.786144
-119.208662,40.782649
-119.209391,40.782095
-119.210003,40.78163

-119.201923,40.787772
-119.196619,40.791803

-119.215995,40.779374
-119.216796,40.778907
-119.217597,40.778439
-119.218398,40.777972
-119.218912,40.777672
-119.219456,40.777355

-119.205327,40.793577
-119.205734,40.794728
-119.205995,40.795469
-119.206256,40.796211
-119.206518,40.796952
-119.206784,40.797706
-119.207237,40.79899
-119.207498,40.799732
-119.207759,40.800473
-119.208021,40.801214
-119.208189,40.801691
-119.208366,40.802194

-119.204065,40.787772
-119.209369,40.791803

-119.209267,40.798467
-119.209654,40.799176
-119.21004,40.799885
-119.210427,40.800594
-119.210675,40.801049
-119.210937,40.80153

-119.187853,40.78219
-119.186921,40.781896
-119.185988,40.781602
-119.185055,40.781308
-119.184456,40.78112
-119.183823,40.78092

-119.202994,40.780106
-119.202994,40.778914
-119.202994,40.778146
-119.202994,40.777379
-119.202994,40.776611
-119.202994,40.77583
-119.202994,40.774501
-119.202994,40.773734
-119.202994,40.772966
-119.202994,40.772199
-119.202994,40.771705
-119.202994,40.771185

-119.209369,40.791803
-119.210478,40.792646
-119.211192,40.793189
-119.211907,40.793731
-119.212621,40.794274
-119.213348,40.794826
-119.214584,40.795766
-119.215299,40.796308
-119.216013,40.796851
-119.216727,40.797394
-119.217186,40.797742
-119.217671,40.798111

-119.205327,40.780339
-119.205733,40.779188
-119.205994,40.778446
-119.206255,40.777705
-119.206517,40.776964
-119.206783,40.776209
-119.207235,40.774925
-119.207496,40.774184
-119.207758,40.773443
-119.208019,40.772701
-119.208187,40.772225
-119.208364,40.771722

-119.21297,40.777075
-119.213584,40.776466
-119.214199,40.775857
-119.214813,40.775248
-119.215208,40.774857
-119.215625,40.774443

-119.181494,40.803294
-119.175913,40.776465
-119.207748,40.764137
-119.233017,40.78334
-119.216799,40.807544
-119.181494,40.803294

