#Self-Inflatuation,-119.1950672,40.7839427
(This) Timeline S.U.X.,-119.1998712,40.7838931
1/1000 - A Wish for Recovery,-119.2062658,40.7787488
3rd Eye Space,-119.2045889,40.7805429
A Cosmos Within,-119.1869986,40.7848003
A Path thru (to Now),-119.2078348,40.7832421
A Pretty Cool S,-119.1880155,40.7994366
A Second Look,-119.2108808,40.7841795
A Svengali Gala,-119.1869493,40.7991543
A journaling moment,-119.2044420,40.7804220
AI Am,-119.2075632,40.7789907
ALUNA The Frequency of Being,-119.2037201,40.7846175
Above and Below,-119.2015295,40.7852442
Above the Noise,-119.1981253,40.7932630
Acinonyx,-119.2045225,40.7898942
Aeshtah,-119.2070236,40.7862967
Aetheric Ascension Tower,-119.2058711,40.7845882
Aikido - The Mothership Connection,-119.2026284,40.7821884
Air-O-Matic 3000,-119.2155216,40.7825676
Alien Welcome Center,-119.2115767,40.7615180
All Art is a Bike Rack,-119.1979295,40.7830626
Angst-in-the-Box,-119.2083065,40.7892567
Another Mother,-119.2121825,40.7783763
Apotheneum,-119.2147416,40.7832293
Arctic Court 360,-119.2201514,40.7738966
Arcturus,-119.2033794,40.7796751
Are You Still There?,-119.2064546,40.7792774
"As Above, So Within",-119.2125814,40.7798407
Atlas Endures,-119.1873106,40.7884905
Aunisoma,-119.2134432,40.7806423
Axion Seed,-119.2040746,40.7823432
Axis Levitas,-119.2127656,40.7812598
Axis Mundi: Resonant Spire,-119.1974114,40.7911986
Axis of Stillness,-119.2029449,40.7855399
Azulita's Door,-119.2074334,40.7809245
BAD HEALTH ADVICE,-119.2039533,40.7801309
BLACK ROCK ADVENTURES BUS STOP!,-119.2018277,40.7785258
BRC Aquarium Deep Research Submersible,-119.1980080,40.7923444
BRC Intergalactic Spaceport,-119.1884401,40.7896792
BRC Wheels on Meals - Lucky Year 13 - Last and Final Year,-119.2078710,40.7832420
BREATHE,-119.2106879,40.7855584
BYTE: Chip and Terra,-119.1990403,40.7973444
Back In 30 Minutes,-119.2104171,40.7811278
Banana Stone,-119.2042828,40.7805379
Bar That Never Opened,-119.1924903,40.7919009
Beacon of Confusion,-119.1997208,40.7933653
Beetle,-119.2116749,40.7805898
Behind Closed Eyes,-119.1988593,40.7860872
Big Red Button,-119.2127295,40.7880120
Black Rock Observatory,-119.1955313,40.7739415
Bless My Meat,-119.1861046,40.7954946
Blooming,-119.2107136,40.7820421
Brews 12 v Uno: cLOUD OF WIT-nesses,-119.2044126,40.7856530
Buho,-119.2121271,40.7802745
Build Better Ruins,-119.2006286,40.7904234
Burnagotchi,-119.2030684,40.7785260
Burning Mammal,-119.2075188,40.7853058
CORREFOC,-119.2050564,40.7844792
Can Not Unsee,-119.1941939,40.7956413
Can You Read My Lips?,-119.1940115,40.7863770
Canis Minor,-119.2048099,40.7872786
Cardinal Gates,-119.1919711,40.7836903
Carnac 2026,-119.1915113,40.7944466
"Cats, Purrresent, and Futepurr",-119.2068998,40.7855940
Cellubrate,-119.2054816,40.7795549
Center of the Universe,-119.1951151,40.7929451
Chairy Go Round,-119.2138423,40.7872224
Chiton Chapel,-119.1872750,40.7874588
"Christo at the Trash Fence, or, Curtains for Black Rock City",-119.1911891,40.7997804
Chroma Commons at the ARTery,-119.2149826,40.7793810
Cocoon,-119.2062941,40.7877410
Coming Home,-119.2151657,40.7776912
Compost Playground,-119.2100086,40.7847179
Conduit,-119.2049675,40.7867112
Confessional Alter: Demoop du Soul,-119.2027948,40.7846895
CosmicKorQ,-119.2048092,40.7776823
D.A.R.E – Does Art Reside Everywhere?,-119.2049816,40.7885595
Deep Playa E-bike Charging Station,-119.1931651,40.7978220
Diamond Heart,-119.2114931,40.7848166
Disco Mushroom,-119.2118461,40.7871448
Do Baskets Dream of Shores or Sea,-119.1947279,40.7905075
Do What You Love,-119.2140184,40.7832306
Dream. Fold. Fly,-119.2116840,40.7882146
Dreams Never Get Old,-119.1944065,40.7915368
Dreamweaver Labyrinth,-119.2006750,40.7832549
Driven,-119.2025400,40.7809242
Duende,-119.2108801,40.7807434
Dusty Corner of the Capital,-119.2043506,40.7912718
"Dusty Heart, Tumbleweed Soul",-119.1948539,40.7873515
Dusty's Adventure Center,-119.2147066,40.7780406
EIFFELA BROKEN DREAM,-119.2136097,40.7861028
Earth Guardians of Cryptometria Tree,-119.2079072,40.7832419
El Diabla,-119.2136865,40.7788169
Electric Dandelion,-119.2115767,40.7615180
Elemental Dragon,-119.2144380,40.7803549
Enlightenment,-119.2023504,40.7792939
Ephemeral Dust,-119.2054337,40.7802465
Ethereal Essence of Odin,-119.2138606,40.7879976
Eye of God,-119.1972509,40.7873630
Fire Circle,-119.1983044,40.7905194
Fire Gnome,-119.2091931,40.7869423
Fire Horse,-119.2027946,40.7797365
Fireside Circle,-119.1894375,40.7972625
For They Know Not What They Do,-119.2060125,40.7899410
Fractured Light,-119.2119317,40.7813843
Freedom Dancers,-119.2011913,40.7867357
Fuck Yer Burn Complaint Box,-119.1838572,40.7856778
Garden of Impermanence - AXIS MUNDI,-119.2027164,40.7862516
Ghost River: Desert Salmon Crossing,-119.2138753,40.7846198
Giraffe in Motion,-119.2152182,40.7824957
HOPE,-119.1979112,40.7867002
Hahalua,-119.2119429,40.7840601
Harmonic Orbiter,-119.2096234,40.7791244
Head Maze Tickets...!,-119.1853076,40.7923755
Headwaters,-119.1997019,40.7909170
Heart Beats,-119.2011303,40.7950557
Heart Remains,-119.2018724,40.7935083
Heart of Intentions,-119.2115422,40.7820827
Heartstead,-119.2136361,40.7799357
Here Between There,-119.2043795,40.7963955
Hero Armor,-119.2022847,40.7909153
Honey,-119.2090121,40.7773636
Hortus Lux,-119.2007568,40.7822568
How We Were Raised,-119.2048683,40.7820653
Hug Cabana,-119.2036648,40.7802340
I Ching O-Matic,-119.2045889,40.7805429
I Have Dust In Curious Places,-119.2147631,40.7815825
I Miss You,-119.1964392,40.7958988
I am the Light. I remember,-119.2079220,40.7832032
I'm sorry,-119.2045889,40.7805429
Iguana-na,-119.2123151,40.7796786
Illumicone,-119.1902669,40.7966319
In This Moment,-119.2018973,40.7864251
Inheritance,-119.1996313,40.7770321
Internal light,-119.2003072,40.7897460
Iron Butterfly of Love,-119.2055538,40.7923846
It's a TRAP!,-119.2155470,40.7808178
Jeremiah,-119.2252825,40.7832090
Just A Spoonful,-119.2082417,40.7810696
Just Two Chairs,-119.1858354,40.7863737
KALEID,-119.2137487,40.7826450
Kaleidoscope,-119.2137929,40.7815530
Keyhole to Other Dimensions,-119.2107400,40.7835226
LAMP,-119.2018901,40.7821661
LOOKOUT!,-119.2017236,40.7832530
Lacunae II,-119.2101490,40.7851152
Larrys Hat,-119.2071353,40.7897897
Let There Be Light,-119.1958437,40.7945411
Let it Go!,-119.2036411,40.7861908
Light Grinder,-119.2107434,40.7852253
Luma Lotus,-119.2043580,40.7830157
MUTATED PIXEL,-119.2019208,40.7841698
Mangrovito,-119.2049154,40.7853025
Mebuyan Pulse,-119.2072983,40.7906220
Mini-infinipus,-119.2032340,40.7786886
Moi,-119.1922234,40.7999320
Mona Moon,-119.2029795,40.7871635
Moroccan ParTea,-119.2141791,40.7809494
Moth,-119.2053349,40.7893833
Mother II: More love inside,-119.2072719,40.7873102
Mundara,-119.2010973,40.7841128
Mural Maze,-119.2158509,40.7776777
Music for Headbutting,-119.1989422,40.7900343
NO,-119.2062663,40.7773421
Nang Du: the nanganing (a trailer trash epic),-119.2109875,40.7781491
Napahe Tunade,-119.2134504,40.7786088
Nature Goddess,-119.2045889,40.7805429
Navagunjara Reborn: The Phoenix of Odisha,-119.2127514,40.7833298
Nippity Doo Dah,-119.2095972,40.7888414
No Race,-119.2109333,40.7888016
No jokes allowed!,-119.1854764,40.7930829
Notorious BIG Spinning Wheels,-119.1931919,40.7991924
Nova,-119.2112001,40.7916763
Now + Next,-119.2126280,40.7856134
Octopolis,-119.2001914,40.7848148
On High,-119.2125529,40.7847003
Our Own Devices,-119.2069387,40.7779773
PEACE,-119.2065798,40.7977208
PULSE,-119.2145595,40.7853252
Pandora's Eye,-119.2085197,40.7794403
Parabola Mundi,-119.2147234,40.7862207
Party in a Box,-119.2060636,40.7938324
Penny the Goose,-119.2118668,40.7799239
Persephone's Miniature Magic Library,-119.2040586,40.7782693
Petal & Piston,-119.1863803,40.7893681
Petaled Portal,-119.2096009,40.7847153
Photographs From Black Rock City 2000 to Present,-119.2150269,40.7794281
Piko,-119.2155605,40.7847868
Plastic Planet,-119.2078519,40.7772183
Playa Art Park,-119.2045889,40.7805429
Playa Penguins,-119.2136024,40.7838411
Playa Swirls,-119.2030940,40.7892941
Playback,-119.1965124,40.7935398
Pointy Thing Over There,-119.1860621,40.7857484
Portal of Love,-119.1999293,40.7828885
Prelude to Winter Solstice,-119.2010067,40.7919382
Programming...,-119.2028804,40.7792787
Project O.C.T.O.P.U.S.,-119.2104848,40.7784309
PropanePunk: FireBike,-119.1909141,40.7823740
Pull Slowly and See,-119.2159403,40.7840311
Purrmaid,-119.2031149,40.7829356
QUEEN: Quantum Universal Epic Era Now!,-119.2098438,40.7819139
REAL LOVE,-119.2055318,40.7851842
Radiolarian: A Walk Through Time and Space,-119.2056187,40.7783272
Reactor Wing,-119.2045898,40.7878439
Reflection Connection,-119.1992271,40.7946394
Resilience,-119.2063857,40.7804775
Resonance,-119.2078965,40.7832226
Resonance Tree,-119.1957495,40.7848000
Reverie,-119.1901980,40.7842087
"Right Ear, Right Now",-119.2034666,40.7922263
Rinky Dink City,-119.1978477,40.7890937
Rise (Float On),-119.2109838,40.7797292
SK8Z,-119.1874196,40.7993494
STOP and Reflect,-119.1884076,40.7844359
Sacred Sun,-119.2003652,40.7865411
Sanctuary of the Silent Star,-119.1928586,40.7898398
Sapta Dvāra (The 7th Gate),-119.2078797,40.7859801
Saturn's House,-119.1964805,40.7895389
Sawubona,-119.1912600,40.7929387
Septima Stella Lux,-119.2028533,40.7837514
Serendipity Machine,-119.1996313,40.7770321
Seven Sisters,-119.1942661,40.7892213
Seven Weeks,-119.2041639,40.7890320
Shoe Tree,-119.2112821,40.7804095
Shots Fired Espresso Service - The Great Awakening,-119.2149677,40.7794597
Shred Hard and Prosper,-119.2161196,40.7840487
Shroomie-Go-Round,-119.2154754,40.7823156
Solar Prisms,-119.2128016,40.7792885
Soul Tree,-119.1938488,40.7843829
Spectral Scarab,-119.2059448,40.7867870
Sphere Vision,-119.1945501,40.7822945
Spin Your ASS!--Fun With Angular Momentum!,-119.2078430,40.7744391
Spots,-119.1987598,40.7881873
Stellar,-119.1997455,40.7888079
"Still Point, or ""At the still point of the turning world.""",-119.2078711,40.7832694
StreetLight,-119.2044387,40.7930339
String Me Along,-119.2150269,40.7794281
Sunny Side Up,-119.2073300,40.7880573
Sunrise Sentinels,-119.1889126,40.7957775
Surfwheel 2.0,-119.2048518,40.7811572
Swan Lake,-119.2079644,40.7868008
TITANIC,-119.2038820,40.7946217
Tandem,-119.2022132,40.7965329
Tea Bag,-119.2015722,40.7803348
Teapot and EMO & A Cat's Dream,-119.2006454,40.7804103
Teeny Weeny Hooter Tooter,-119.2082772,40.7802459
Teletree,-119.2085368,40.7941827
Temple Braziers,-119.2008812,40.7885595
Temple of the Moon,-119.2014935,40.7880937
Temporal Anomoly Organ,-119.2086587,40.7786257
Tengri Oasis,-119.1968591,40.7840646
Tenseract,-119.1987801,40.7947584
The Black Rock Guidestones,-119.1905363,40.7911695
The Board Room,-119.1890988,40.7861679
The Circle of Ancestors,-119.2036520,40.7881867
The Clubhouse,-119.1906394,40.7873889
The Conflux of Intent,-119.1994269,40.7869535
"The Council of Animals, What to Do about the Humans",-119.2118487,40.7832347
The Divine Hand,-119.1992941,40.7920614
The Division,-119.2105040,40.7790359
The Eagle Of Entitlement,-119.2036955,40.7777957
The Elements,-119.2026490,40.7901280
The Flaming Carousel,-119.2139415,40.7786228
The Garage,-119.2051809,40.7909167
The Golden Rule,-119.2079015,40.7928252
The Gothic Folly,-119.2005779,40.7966622
The Hitchin' Post,-119.2103144,40.7827415
The Last Shore,-119.2037222,40.7875085
The Light of the Mother,-119.1932014,40.7944004
The Looking Glass,-119.2045889,40.7805429
The Love Nest,-119.2083337,40.7780515
The Lust Stop,-119.2118256,40.7859725
The Man's Brain Project,-119.2105311,40.7813873
The Market Commons,-119.2012609,40.7794201
The Only Way Out Is In,-119.2090667,40.7809855
The Oracle,-119.2112626,40.7808773
The Orb-o-Chill,-119.1963148,40.7883211
The Paradox Post,-119.2045889,40.7805429
The Point Being,-119.1949552,40.7858869
The Portal of Collective Imagination,-119.2127578,40.7822409
The Race of Hearts,-119.2043292,40.7837943
The Royal Trumpets,-119.2102858,40.7863913
The Serpent,-119.2041172,40.7795559
The Singularity Tree,-119.2028243,40.7976387
The Solar Library Expansion,-119.2061594,40.7861717
The Sound of Time,-119.2042160,40.7862767
The Speed of the Earth 2026,-119.2108516,40.8000674
The Starting Line,-119.2037657,40.7899496
This Blows,-119.2100041,40.7771551
Thoughts by the Edge,-119.1834095,40.7834456
Time Drop,-119.2194967,40.7832202
"Totem of Transformation, The Shifting Balance",-119.2054217,40.7812277
Tower of Ascension,-119.2033695,40.7864919
Trash Fence Souvenirs,-119.2103289,40.7872080
Tree of Exhaustion,-119.1965071,40.7815903
Tree of Photon,-119.2124063,40.7864849
Trinity:  Earth-Body-Stars,-119.2065362,40.7890553
Unhinged Lingering,-119.1988542,40.7837356
Unity Locus Focuser,-119.1961590,40.7909870
Unpopular Music (or UNPOP),-119.1872194,40.7973852
Up Nort' Art Shanty,-119.1890886,40.7920016
VTZ,-119.1957380,40.7971912
Voxelite,-119.2015173,40.7812626
WG Test Walk-In 2026,-119.1871310,40.7992939
Water in the Desert,-119.2033911,40.7817059
We Hold These Truths: E Pluribus Playa,-119.2150269,40.7794281
We The Sheeple,-119.2094021,40.7860218
"Well, Well, Well",-119.2105886,40.7776973
WiFi Jail,-119.2081222,40.7898928
Windoors Vista,-119.1996313,40.7770321
Wisdom Oasis,-119.2057855,40.7954617
Words Left Unsaid,-119.2012870,40.7897706
World's Highest Picnic Table,-119.1866757,40.7899323
Yggdrasil,-119.2095219,40.7802034
ZARVAN,-119.2099021,40.7814952
always. all ways.,-119.2045889,40.7805429
ancient future portal,-119.1960262,40.7866191
epod,-119.2072943,40.7799855
face2face,-119.1911741,40.7891727
holding it down,-119.2025073,40.7916189
oVo,-119.2105157,40.7880435
rage against the dying of the light // a field of swords,-119.2045889,40.7805429
ranawayhomenow,-119.1947356,40.7884488
school,-119.1990326,40.7846810
the weight of light,-119.1971876,40.7858134
untitled (omphalos),-119.1963908,40.7919748
wild free spirit,-119.2130767,40.7869642
windswept,-119.2049226,40.7856900
